seed,arm,fold,periods,first_date,last_date,gross_return_annualised,net_return_annualised,net_sharpe,annualised_turnover,mean_cost_bp
0,B0,0,50,2017-05-12,2018-05-03,4.103501860196151e-05,-0.024787487171090822,-0.5410555156890637,7.580982857142857,4.9262940852565045
0,B0,1,50,2018-05-10,2019-05-02,0.10133293719140818,0.08017139102085996,0.9928657235804678,6.520731428571429,4.1987194782833885
0,B0,2,51,2019-05-09,2020-05-05,0.016700050761953394,-0.010954262279666543,-0.08519685245889573,8.74689075630252,5.486966873337287
0,B0,3,50,2020-05-12,2021-05-03,0.15975450610922345,0.1400945729928272,1.4026293314049674,6.410879999999999,3.900780380237344
0,B0,4,50,2021-05-10,2022-04-28,-0.08638207994004822,-0.1056625642732607,-1.1451640595955026,6.344022857142855,3.825492923256452
0,B0,5,51,2022-05-05,2023-05-04,0.3071160762723466,0.28725596613690957,0.8900671191515046,6.482823529411765,3.9404980427454483
0,B0,6,50,2023-05-11,2024-05-02,0.00514337951987816,-0.014554673678447712,-0.15959959667828905,6.4008,3.9083438885567205
0,B0,7,51,2024-05-09,2025-05-09,0.13009410414044165,0.11010429511482862,1.2227639470308769,6.670588235294116,3.966231949526391
0,B1,0,12,2017-05-12,2018-04-13,-0.0006722912592719808,-0.009800843814595426,-0.2301341910935165,2.8600000000000003,7.607127129436206
0,B1,1,12,2018-05-14,2019-04-15,0.0817762279574604,0.07458203431231668,0.9796308232904852,2.349183673469388,5.9951613709531095
0,B1,2,12,2019-05-15,2020-04-14,0.061039736522589136,0.05405032003556402,0.7822728118470706,2.2642857142857142,5.82451373918758
0,B1,3,12,2020-05-13,2021-04-14,0.2814311023279441,0.2753330872615555,1.9772029079081155,2.07,5.0816792219905285
0,B1,4,12,2021-05-13,2022-04-12,-0.05259064876242002,-0.05910154730093965,-0.848976203367679,2.21,5.425748782099694
0,B1,5,12,2022-05-12,2023-04-14,0.4745067541011976,0.4678503915273935,1.6837988581180177,2.26,5.546968811503484
0,B1,6,12,2023-05-15,2024-04-16,-0.05057952936439922,-0.05744631898885737,-0.5961882127116841,2.3100000000000005,5.722324687048461
0,B1,7,12,2024-05-15,2025-04-17,0.04177591053264108,0.03445504399313291,0.36189671937487405,2.5100000000000002,6.100722116256812
1,B0,0,50,2017-05-12,2018-05-03,-0.010173293282601364,-0.0352368735091053,-0.9496426028167947,7.683017142857142,4.9729325846237975
1,B0,1,50,2018-05-10,2019-05-02,0.08308615127280217,0.0618678442565339,0.7279312935645482,6.50982857142857,4.209981550846883
1,B0,2,51,2019-05-09,2020-05-05,0.08696009711329648,0.05952689895448713,0.502962878701768,8.667226890756302,5.443094872779631
1,B0,3,50,2020-05-12,2021-05-03,0.18651316206556068,0.1669028962821152,1.623678825040832,6.4007999999999985,3.8909257506836354
1,B0,4,50,2021-05-10,2022-04-28,-0.05545403882735286,-0.07448039066765895,-0.7661988027273845,6.25350857142857,3.7750698095845445
1,B0,5,51,2022-05-05,2023-05-04,0.08694565698087066,0.06681294690504587,0.24840937662041113,6.532235294117647,3.9945853325049154
1,B0,6,50,2023-05-11,2024-05-02,0.03032950500372472,0.010646901428385399,0.12427016782665438,6.4008,3.9052784871705035
1,B0,7,51,2024-05-09,2025-05-09,0.14796248948748628,0.1282289926690891,1.3306971753694172,6.561882352941175,3.915376352856582
1,B1,0,12,2017-05-12,2018-04-13,-0.012990062317013558,-0.022440962545347568,-0.4525411287835455,2.96,7.875750190278336
1,B1,1,12,2018-05-14,2019-04-15,0.078854378554042,0.07175336606853985,0.8419737711409984,2.3173469387755103,5.917510404585129
1,B1,2,12,2019-05-15,2020-04-14,0.09411167216873945,0.0868563087433256,1.324274731366482,2.3442857142857148,6.046136187844841
1,B1,3,12,2020-05-13,2021-04-14,0.24756505363789644,0.24163470465513948,1.7891427392515733,2.0,4.941957485630864
1,B1,4,12,2021-05-13,2022-04-12,0.02489754421400682,0.018354002977673936,0.14555308713410278,2.21,5.4529510302774105
1,B1,5,12,2022-05-12,2023-04-14,0.5200932238929901,0.5135458015744088,1.553906824311268,2.23,5.456185265484312
1,B1,6,12,2023-05-15,2024-04-16,-0.05123090071308492,-0.05804128840180997,-0.6433271704359618,2.29,5.675323073937532
1,B1,7,12,2024-05-15,2025-04-17,0.057840935477128985,0.05059556520157078,0.46969086489888945,2.5000000000000004,6.037808562965157
2,B0,0,50,2017-05-12,2018-05-03,-0.02123333151258697,-0.04579799992183135,-0.9791650872756523,7.520502857142856,4.873942144691345
2,B0,1,50,2018-05-10,2019-05-02,0.09339625271493693,0.07220499894891914,0.8310708725290593,6.510034285714286,4.204613842463848
2,B0,2,51,2019-05-09,2020-05-05,0.07211805878123169,0.044716526137280506,0.3910632693553859,8.677109243697476,5.436812032529992
2,B0,3,50,2020-05-12,2021-05-03,0.20028519176063542,0.18081947991330352,1.6738222719813367,6.330239999999998,3.8622444141531553
2,B0,4,50,2021-05-10,2022-04-28,-0.11307324095076017,-0.132023247478487,-1.3829938289226995,6.2327314285714275,3.759921930104534
2,B0,5,51,2022-05-05,2023-05-04,0.1481460729538769,0.12796858244784218,0.48594390465816345,6.561882352941175,4.003470338498955
2,B0,6,50,2023-05-11,2024-05-02,0.011998626658658959,-0.007708346489675562,-0.08179217835883966,6.4008,3.9101137199076472
2,B0,7,51,2024-05-09,2025-05-09,0.09658492662992532,0.07673272341687482,0.8477994041554179,6.571764705882352,3.9389292089385854
2,B1,0,12,2017-05-12,2018-04-13,-0.014057755306771842,-0.02294130640557457,-0.5029668340086775,2.7600000000000002,7.402959249002269
2,B1,1,12,2018-05-14,2019-04-15,0.060163014294862385,0.053259256560497174,0.7733272702485303,2.2477551020408164,5.753131445304363
2,B1,2,12,2019-05-15,2020-04-14,0.12517615687022093,0.11837437014810027,2.517448827188302,2.1840816326530614,5.668155601767211
2,B1,3,12,2020-05-13,2021-04-14,0.3146674592770181,0.30872952109326424,2.0595468412941385,2.01,4.948281819794812
2,B1,4,12,2021-05-13,2022-04-12,-0.04715774533975704,-0.05362086702297386,-0.7238114267805219,2.1900000000000004,5.385934736014007
2,B1,5,12,2022-05-12,2023-04-14,0.3811942409195356,0.37473701414477195,1.7886524082295219,2.19,5.381022312303038
2,B1,6,12,2023-05-15,2024-04-16,-0.0361399137856869,-0.04277308627374321,-0.4159027453530711,2.24,5.5276437400469005
2,B1,7,12,2024-05-15,2025-04-17,0.06798954417530671,0.060826199390110136,0.5737164166431805,2.47,5.969453987663806
3,B0,0,50,2017-05-12,2018-05-03,-0.026281825803305403,-0.05097258785572333,-1.0959250435087609,7.540662857142856,4.898960724686097
3,B0,1,50,2018-05-10,2019-05-02,0.12895132897735492,0.1079430830787081,1.2606738902099728,6.5112685714285705,4.168302757668024
3,B0,2,51,2019-05-09,2020-05-05,0.11659503523184926,0.08881911833286892,0.7390880634295941,8.756369747899159,5.511094622813562
3,B0,3,50,2020-05-12,2021-05-03,0.18596232096437026,0.16576667949290114,1.5988423624103736,6.572159999999998,4.007071720529589
3,B0,4,50,2021-05-10,2022-04-28,-0.08172980461588908,-0.10098151879750282,-1.0728823802793732,6.3139885714285695,3.819784559843999
3,B0,5,51,2022-05-05,2023-05-04,0.06410002965067559,0.0438751184953682,0.1541460265220524,6.631058823529411,4.012879197481614
3,B0,6,50,2023-05-11,2024-05-02,0.02582321116084822,0.006212290679178112,0.06718219090911477,6.4008,3.891055651125022
3,B0,7,51,2024-05-09,2025-05-09,0.10607600986688592,0.08635189370004243,0.9892621613193303,6.542117647058823,3.913515112468945
3,B1,0,12,2017-05-12,2018-04-13,-0.0019829889337656774,-0.010955216581294579,-0.23577725650563458,2.79,7.476856372940754
3,B1,1,12,2018-05-14,2019-04-15,0.08476736548327586,0.07785297260108213,1.1077859693784937,2.249387755102041,5.76199406849476
3,B1,2,12,2019-05-15,2020-04-14,0.14955736504282316,0.14197296677668783,1.93167173530078,2.454489795918368,6.32033188844611
3,B1,3,12,2020-05-13,2021-04-14,0.23816938616710542,0.2317391949931258,1.76684109786049,2.17,5.358492644982987
3,B1,4,12,2021-05-13,2022-04-12,-0.08547370192556031,-0.09227240333555455,-0.9888879082779936,2.3000000000000003,5.665584508328513
3,B1,5,12,2022-05-12,2023-04-14,0.29508266873412525,0.2884404784366242,1.5396221816470432,2.26,5.535158581250876
3,B1,6,12,2023-05-15,2024-04-16,-0.04741271945891121,-0.054116751672129294,-0.5492971026442766,2.27,5.586693511015077
3,B1,7,12,2024-05-15,2025-04-17,0.044716205989044654,0.03765617096762822,0.3940483718968468,2.42,5.883362517847026
4,B0,0,50,2017-05-12,2018-05-03,0.003684990072755622,-0.02143654941157948,-0.49831358166491335,7.662445714285712,4.984432437368075
4,B0,1,50,2018-05-10,2019-05-02,0.09871885248111285,0.07808165552310221,0.9601876316004271,6.377554285714286,4.094681936113231
4,B0,2,51,2019-05-09,2020-05-05,0.05697061299013069,0.029277384231584987,0.23810093172351565,8.706756302521008,5.494688245743192
4,B0,3,50,2020-05-12,2021-05-03,0.1877713389369637,0.16771645481859898,1.5522019844315371,6.501599999999999,3.9791436742787085
4,B0,4,50,2021-05-10,2022-04-28,-0.0632939425192369,-0.08221702354401125,-1.0263759040840352,6.203314285714285,3.7545795684076113
4,B0,5,51,2022-05-05,2023-05-04,0.44793388956091384,0.4276943847595279,0.9434790365221752,6.621176470588234,4.0157747621797375
4,B0,6,50,2023-05-11,2024-05-02,0.020223748891497764,0.0008060532727964592,0.0090264858286116,6.299999999999999,3.8527173846629568
4,B0,7,51,2024-05-09,2025-05-09,0.13801415436750772,0.1182430285275478,1.2147192562523212,6.5915294117647045,3.9228424285634844
4,B1,0,12,2017-05-12,2018-04-13,0.009422320971443639,0.000211450959111497,0.004504174679090671,2.88,7.675725010276778
4,B1,1,12,2018-05-14,2019-04-15,-0.014402950412888575,-0.021396605991763063,-0.6885708428285047,2.2779591836734694,5.828046315728741
4,B1,2,12,2019-05-15,2020-04-14,0.07917415235703619,0.07235926121270922,1.2622830116586186,2.193877551020408,5.679075953605813
4,B1,3,12,2020-05-13,2021-04-14,0.22988075764786725,0.22376488087095842,1.7010392319194567,2.06,5.096563980757291
4,B1,4,12,2021-05-13,2022-04-12,-0.0995214833150313,-0.10620080994496883,-1.3045516808165547,2.27,5.566105524947924
4,B1,5,12,2022-05-12,2023-04-14,0.5725912338534818,0.5660011422611941,1.4945880443001172,2.2399999999999998,5.491742993572932
4,B1,6,12,2023-05-15,2024-04-16,-0.0230715877477532,-0.0299348448130582,-0.3336884997136213,2.3200000000000003,5.71938088775416
4,B1,7,12,2024-05-15,2025-04-17,0.08207733990061276,0.07487914096533115,0.7766378948905268,2.49,5.998499112734705
5,B0,0,50,2017-05-12,2018-05-03,0.0044670323762843415,-0.02033374574926499,-0.3880230753067254,7.571725714285713,4.920789310624868
5,B0,1,50,2018-05-10,2019-05-02,0.0881429340931763,0.06762871117469928,0.7499961479356271,6.368502857142857,4.070282325094656
5,B0,2,51,2019-05-09,2020-05-05,0.057034051207706715,0.029718802538508324,0.2445079661909184,8.617613445378149,5.419692196269522
5,B0,3,50,2020-05-12,2021-05-03,0.19877749707955844,0.17910304067676944,1.755310057084706,6.4008,3.9036619846803537
5,B0,4,50,2021-05-10,2022-04-28,-0.14829774762906717,-0.1677232086749776,-1.7354665858819773,6.384959999999999,3.8542581440298496
5,B0,5,51,2022-05-05,2023-05-04,0.07388269631429455,0.05381969160781245,0.2006260239248306,6.5915294117647045,3.980754902079782
5,B0,6,50,2023-05-11,2024-05-02,-0.009901039631738905,-0.0290967453971821,-0.32172820363876486,6.27984,3.8086717788577773
5,B0,7,51,2024-05-09,2025-05-09,0.11293790710184011,0.09305871098713404,0.9372633018562625,6.621176470588234,3.9442849433940665
5,B1,0,12,2017-05-12,2018-04-13,-0.0070929156933420695,-0.016558591733328083,-0.34655397567352125,2.95,7.888063366655015
5,B1,1,12,2018-05-14,2019-04-15,0.03214218011328138,0.025197779746020922,0.9921942645700138,2.2777551020408167,5.7870003060503885
5,B1,2,12,2019-05-15,2020-04-14,0.13150612768959033,0.12434017356060198,2.4346661005773846,2.3138775510204086,5.971628440823627
5,B1,3,12,2020-05-13,2021-04-14,0.20046144422308132,0.19454109148260218,1.42205368459943,1.9900000000000002,4.933627283732614
5,B1,4,12,2021-05-13,2022-04-12,-0.08836007301362635,-0.0948022595074881,-0.9782372900072004,2.17,5.368488744884803
5,B1,5,12,2022-05-12,2023-04-14,0.15894392659013917,0.15257782269579245,0.8210461534925171,2.1599999999999997,5.3050865786222685
5,B1,6,12,2023-05-15,2024-04-16,-0.0640471873944168,-0.07070786168910854,-0.7399205821035906,2.2600000000000002,5.55056191224312
5,B1,7,12,2024-05-15,2025-04-17,0.04432327926279586,0.03751265022174882,0.316074026479836,2.34,5.675524200872529
6,B0,0,50,2017-05-12,2018-05-03,-0.02174990182970967,-0.04659738134413633,-0.9213180379376343,7.621302857142856,4.930055459211641
6,B0,1,50,2018-05-10,2019-05-02,0.10932641138864094,0.087810697691122,1.081003739963775,6.601577142857144,4.26899081299979
6,B0,2,51,2019-05-09,2020-05-05,0.07977695269118025,0.05261940567084819,0.3829416945455057,8.617411764705881,5.388402186573817
6,B0,3,50,2020-05-12,2021-05-03,0.20907689431132728,0.1896768085373647,1.8703071937283031,6.3,3.84922336784972
6,B0,4,50,2021-05-10,2022-04-28,-0.061315707949261646,-0.08037482409153246,-0.820266209175916,6.253302857142855,3.7815706631489694
6,B0,5,51,2022-05-05,2023-05-04,0.09619461610546659,0.0761604043518531,0.2925200487556781,6.532235294117647,3.975042014605855
6,B0,6,50,2023-05-11,2024-05-02,-0.009068348956718408,-0.0286513687432358,-0.30327090211254537,6.360479999999999,3.885519798912175
6,B0,7,51,2024-05-09,2025-05-09,0.10573257239821675,0.08593620078118948,0.8479016580503993,6.581647058823529,3.927851511314931
6,B1,0,12,2017-05-12,2018-04-13,-0.004086816242134148,-0.013353917788831542,-0.2854392038133752,2.9,7.722584622247823
6,B1,1,12,2018-05-14,2019-04-15,0.010327653508925621,0.0031155833004000554,0.10463798698160699,2.3475510204081633,6.01005850710463
6,B1,2,12,2019-05-15,2020-04-14,0.15888982369450358,0.15197190702580365,2.3067240192255882,2.2240816326530615,5.764930557249923
6,B1,3,12,2020-05-13,2021-04-14,0.19223035286948956,0.18659636212646907,1.3774065551004735,1.9000000000000004,4.694992285850419
6,B1,4,12,2021-05-13,2022-04-12,-0.08405615060694524,-0.09072933130679654,-0.9751604192423644,2.25,5.560983916542745
6,B1,5,12,2022-05-12,2023-04-14,0.34140072601392213,0.335118264086196,1.8236275007315896,2.13,5.235384939771643
6,B1,6,12,2023-05-15,2024-04-16,-0.05226485683476969,-0.05905967875845193,-0.6851923076521488,2.2900000000000005,5.662351603068547
6,B1,7,12,2024-05-15,2025-04-17,0.056058015934383865,0.048893005444817464,0.4102417704994873,2.4600000000000004,5.9708420746386786
7,B0,0,50,2017-05-12,2018-05-03,0.00319429499081021,-0.021430151990085557,-0.4385231561984928,7.5505371428571415,4.885802972399953
7,B0,1,50,2018-05-10,2019-05-02,0.1123468724073025,0.09149827193015228,1.1068421441685703,6.480205714285715,4.1366270787996475
7,B0,2,51,2019-05-09,2020-05-05,0.06752654965520738,0.04031313371431393,0.33062315510282003,8.588168067226889,5.399487289859814
7,B0,3,50,2020-05-12,2021-05-03,0.19439908019269048,0.17466793714791284,1.7489794172945552,6.420959999999999,3.9149093342812824
7,B0,4,50,2021-05-10,2022-04-28,-0.06679788330653891,-0.0859443204990501,-0.9101629256613021,6.253508571428569,3.7988962683553944
7,B0,5,51,2022-05-05,2023-05-04,0.2751272889189951,0.2547667853660548,0.7684281239837972,6.621176470588234,4.039782450980231
7,B0,6,50,2023-05-11,2024-05-02,-0.00582683511336979,-0.02574984085322135,-0.27124658360401765,6.471359999999999,3.9529773293356305
7,B0,7,51,2024-05-09,2025-05-09,0.10206740640827502,0.08216269962531281,0.8431986629153789,6.621176470588235,3.949346583921075
7,B1,0,12,2017-05-12,2018-04-13,-0.011072179656706229,-0.020271210694869892,-0.40684284868755105,2.88,7.665859198469714
7,B1,1,12,2018-05-14,2019-04-15,0.07741492145250672,0.07045777301338209,0.9233081932675331,2.2679591836734696,5.797623699270541
7,B1,2,12,2019-05-15,2020-04-14,0.0817573309889349,0.0745250418906528,1.3159799208481213,2.3446938775510207,6.026907581901749
7,B1,3,12,2020-05-13,2021-04-14,0.24400354703891947,0.23828182026292255,1.6013647821400643,1.9300000000000002,4.768105646664102
7,B1,4,12,2021-05-13,2022-04-12,-0.008281137930283289,-0.014884259591786846,-0.19554540170265647,2.24,5.502601384586303
7,B1,5,12,2022-05-12,2023-04-14,0.35678753770712524,0.3504933926674836,1.587911662490892,2.13,5.2451208663680795
7,B1,6,12,2023-05-15,2024-04-16,-0.04081885024006153,-0.047804571630055095,-0.5078967258699941,2.3500000000000005,5.821434491661299
7,B1,7,12,2024-05-15,2025-04-17,0.03231166115506298,0.024757204916111587,0.22654107649421454,2.6000000000000005,6.2953801991261615
8,B0,0,50,2017-05-12,2018-05-03,-0.007388007694869626,-0.03229385710190155,-0.6734484124594147,7.661211428571428,4.941636787109509
8,B0,1,50,2018-05-10,2019-05-02,0.10858062224699831,0.08747867706128437,1.0485056945493243,6.521348571428571,4.1868938860543565
8,B0,2,51,2019-05-09,2020-05-05,0.054934045709872995,0.027148202154685726,0.21676250673292854,8.766050420168067,5.513064197457791
8,B0,3,50,2020-05-12,2021-05-03,0.17759555133437346,0.1574841729308329,1.505947131827685,6.552,3.9903528578453558
8,B0,4,50,2021-05-10,2022-04-28,-0.10368450883609041,-0.12251454101002175,-1.177819062202981,6.173074285714286,3.736117494827639
8,B0,5,51,2022-05-05,2023-05-04,0.101108635657059,0.08108566179125071,0.30733679025310157,6.551999999999999,3.9728122749619557
8,B0,6,50,2023-05-11,2024-05-02,0.021580536356855043,0.0022712500992292405,0.02679102290202012,6.31008,3.8312075907987704
8,B0,7,51,2024-05-09,2025-05-09,0.14872739654520659,0.12907008959838706,1.3750620330099739,6.542117647058823,3.9002593148451483
8,B1,0,12,2017-05-12,2018-04-13,-0.008862071652610227,-0.017758849145001473,-0.39215287502248375,2.79,7.413981243659371
8,B1,1,12,2018-05-14,2019-04-15,0.09201307601109972,0.08500367064649096,1.0931198352212155,2.276530612244898,5.841171137173966
8,B1,2,12,2019-05-15,2020-04-14,0.1417123846474171,0.13442668540790698,2.403700621026999,2.3542857142857145,6.0714160329251
8,B1,3,12,2020-05-13,2021-04-14,0.25680506350075305,0.2506775775591117,1.9425085913575255,2.07,5.1062382847011865
8,B1,4,12,2021-05-13,2022-04-12,-0.052160098508469296,-0.058303494941984266,-0.4439512706938245,2.07,5.11949702792914
8,B1,5,12,2022-05-12,2023-04-14,0.17974245264880645,0.17295215030328157,0.8913202086608478,2.31,5.658585287937375
8,B1,6,12,2023-05-15,2024-04-16,-0.04368865379611328,-0.05070233588357949,-0.5891604108238365,2.3800000000000003,5.844735072888504
8,B1,7,12,2024-05-15,2025-04-17,0.027943769678342265,0.020947138123574106,0.1915932218316046,2.41,5.830526295640139
9,B0,0,50,2017-05-12,2018-05-03,-0.019555053293848806,-0.04427691256857011,-0.9087744839199179,7.55094857142857,4.905130808476454
9,B0,1,50,2018-05-10,2019-05-02,0.10678044361328318,0.08551593360140575,1.0424268786929296,6.520114285714285,4.219148811880435
9,B0,2,51,2019-05-09,2020-05-05,0.08530087963866992,0.05797315667979933,0.5237270387780382,8.608134453781512,5.42216725374416
9,B0,3,50,2020-05-12,2021-05-03,0.18020889895993353,0.16065274216511546,1.652975128464661,6.38064,3.8801898402416635
9,B0,4,50,2021-05-10,2022-04-28,-0.1414215661769698,-0.16076624326520625,-1.6761060349705013,6.294034285714285,3.838229580999302
9,B0,5,51,2022-05-05,2023-05-04,0.0955435231808116,0.07533419805288002,0.286567547148331,6.532235294117647,4.009786731732468
9,B0,6,50,2023-05-11,2024-05-02,0.010501431844881608,-0.009000186029494374,-0.1016751480650419,6.3504,3.869368625868244
9,B0,7,51,2024-05-09,2025-05-09,0.16811452538452593,0.14834248645921497,1.4412915357240432,6.591529411764706,3.9230235962918525
9,B1,0,12,2017-05-12,2018-04-13,-0.006188005593295579,-0.01536170009255208,-0.2971527142827295,2.85,7.644745416047087
9,B1,1,12,2018-05-14,2019-04-15,0.017502012089872836,0.010575548588357705,0.3589375981009387,2.2475510204081632,5.772052917929271
9,B1,2,12,2019-05-15,2020-04-14,0.13308922493282982,0.12626420099078925,2.353061308865101,2.1840816326530614,5.687519951700473
9,B1,3,12,2020-05-13,2021-04-14,0.22854763337578093,0.22249107660608364,1.5193366169936038,2.05,5.047130641414481
9,B1,4,12,2021-05-13,2022-04-12,-0.0917907018331881,-0.09840885370076488,-0.799822405219541,2.25,5.515126556313992
9,B1,5,12,2022-05-12,2023-04-14,0.15124644032979762,0.1446269319042586,0.7719228921769419,2.24,5.516257021282546
9,B1,6,12,2023-05-15,2024-04-16,-0.05652276720958918,-0.0634459474693976,-0.7225097093172584,2.3400000000000003,5.769316883173706
9,B1,7,12,2024-05-15,2025-04-17,0.03945090150727395,0.032380685683753,0.3001056562590007,2.4400000000000004,5.891846519600789
