seed,metric,b0,b1,difference_b1_minus_b0
0,rebalances,403.0,96.0,-307.0
0,scheduled_rebalances,403.0,96.0,-307.0
0,gross_sharpe,0.5559333390854057,0.7843288908283712,0.22839555174296555
0,net_sharpe_10bp,0.4057355652563156,0.7311257201483244,0.32539015489200884
0,annualised_turnover,6.8977327188940105,2.3541836734693877,-4.543549045424623
0,cost_share_of_gross,0.2698533752717644,0.0678450570535748,-0.2020083182181896
0,net_max_drawdown,-0.1289282921176984,-0.09415209656559986,0.03477619555209854
0,gross_max_drawdown,-0.12793520826303018,-0.08667782149683612,0.04125738676619406
0,gross_total_return,0.6377760056520834,0.8366872620557412,0.1989112564036578
0,net_total_return,0.47278385281679314,1.0385694072418592,0.5657855544250661
0,gross_cagr,0.07243259954344072,0.1008425879250816,0.028409988381640883
0,net_cagr,0.049609631408919386,0.09311458209902201,0.04350495069010263
0,holding_duration_rebalances,7.422043010752688,4.773281596452328,-2.6487614143003597
0,holding_duration_sessions,37.11021505376344,100.2389135254989,63.12869847173546
0,names_changed_per_rebalance,12.955223880597014,18.989473684210527,6.034249803613513
0,long_leg_retention,0.871403924188435,0.8303264817587779,-0.04107744242965716
0,short_leg_retention,0.8640627410844862,0.7883343840968884,-0.07572835698759783
0,names_replaced_both_legs_fraction,0.13226666736353954,0.19066956707216698,0.05840289970862744
0,effective_n_long,49.526054590570716,49.78125,0.25519540942928387
0,effective_n_short,49.583126550868485,49.8125,0.22937344913151492
0,max_abs_weight,0.1,0.010869565217391304,-0.08913043478260871
0,mean_eligible_names,246.87841191066997,248.22916666666666,1.3507547559966895
0,signal_age_median_sessions,5.0,7.0,2.0
0,signal_age_p95_sessions,5.0,9.0,4.0
0,signal_age_max_sessions,1935.0,644.0,-1291.0
0,share_signals_older_than_nominal,0.021599726611184818,0.007679395719681075,-0.013920330891503744
0,net_sharpe_1bp,0.49232476642788364,0.7628711980611287,0.27054643163324504
0,cost_share_of_gross_1bp,0.1141904454142075,0.027327833432091355,-0.08686261198211614
0,net_sharpe_3bp,0.4730817625707954,0.7558172622706936,0.28273549969989814
0,cost_share_of_gross_3bp,0.1487822076047757,0.03633166090353212,-0.11245054670124358
0,net_sharpe_5bp,0.4538392056494522,0.7487629701877372,0.294923764538285
0,cost_share_of_gross_5bp,0.1833739697953439,0.04533548837497289,-0.138038481420371
0,cost_share_of_gross_10bp,0.2698533752717644,0.0678450570535748,-0.2020083182181896
0,net_sharpe_20bp,0.3095465210991424,0.6958450219470965,0.38629850084795414
0,cost_share_of_gross_20bp,0.4428121862246054,0.11286419441077863,-0.3299479918138267
1,rebalances,403.0,96.0,-307.0
1,scheduled_rebalances,403.0,96.0,-307.0
1,gross_sharpe,0.5454220973718985,0.7901030948367112,0.24468099746481264
1,net_sharpe_10bp,0.37735969974068534,0.7431124225077724,0.3657527227670871
1,annualised_turnover,6.878973413683092,2.356454081632653,-4.522519332050439
1,cost_share_of_gross,0.30793515267137783,0.0593075434491787,-0.24862760922219912
1,net_max_drawdown,-0.18202721381121245,-0.10955336950237438,0.07247384430883808
1,gross_max_drawdown,-0.17016900038502947,-0.10642220122149271,0.06374679916353676
1,gross_total_return,0.5581419590133134,0.9591418449147053,0.4009998859013919
1,net_total_return,0.38140115237245586,1.262172272366254,0.8807711199937982
1,gross_cagr,0.06384310245124136,0.11527150764394811,0.05142840519270675
1,net_cagr,0.04123481640068705,0.1074285340309653,0.06619371763027826
1,holding_duration_rebalances,7.3997689196995955,4.809523809523809,-2.590245110175786
1,holding_duration_sessions,36.998844598497975,101.0,64.00115540150202
1,names_changed_per_rebalance,12.917910447761194,19.010526315789473,6.092615868028279
1,long_leg_retention,0.8716059751580765,0.8329045578794347,-0.038701417278641737
1,short_leg_retention,0.864607974103067,0.7853143728887434,-0.0792936012143236
1,names_replaced_both_legs_fraction,0.13189302536942848,0.19089053461591074,0.058997509246482255
1,effective_n_long,49.526054590570716,49.78125,0.25519540942928387
1,effective_n_short,49.583126550868485,49.8125,0.22937344913151492
1,max_abs_weight,0.1,0.010869565217391304,-0.08913043478260871
1,mean_eligible_names,246.87841191066997,248.22916666666666,1.3507547559966895
1,signal_age_median_sessions,5.0,7.0,2.0
1,signal_age_p95_sessions,5.0,9.0,4.0
1,signal_age_max_sessions,1935.0,644.0,-1291.0
1,share_signals_older_than_nominal,0.021599726611184818,0.007679395719681075,-0.013920330891503744
1,net_sharpe_1bp,0.4740954255035108,0.7711156946663241,0.2970202691628133
1,cost_share_of_gross_1bp,0.13054644351989217,0.023929107031854212,-0.10661733648803795
1,net_sharpe_3bp,0.45260026551232563,0.7648926960592165,0.3122924305468909
1,cost_share_of_gross_3bp,0.16996615666466677,0.03179098179125965,-0.13817517487340714
1,net_sharpe_5bp,0.4311040113903377,0.7586697220981138,0.32756571070777607
1,cost_share_of_gross_5bp,0.20938586980944138,0.0396528565506651,-0.16973301325877627
1,cost_share_of_gross_10bp,0.30793515267137783,0.0593075434491787,-0.24862760922219912
1,net_sharpe_20bp,0.26986431122377896,0.7119986256837988,0.44213431446001983
1,cost_share_of_gross_20bp,0.5050337183952507,0.09861691724620592,-0.40641680114904477
2,rebalances,403.0,96.0,-307.0
2,scheduled_rebalances,403.0,96.0,-307.0
2,gross_sharpe,0.481650696190322,0.9063816734435214,0.42473097725319936
2,net_sharpe_10bp,0.3133548596870488,0.8473230154377758,0.533968155750727
2,annualised_turnover,6.853756823821341,2.2864795918367347,-4.5672772319846064
2,cost_share_of_gross,0.34911562966965914,0.06485281703455596,-0.28426281263510317
2,net_max_drawdown,-0.14976307349371287,-0.09998438210135818,0.04977869139235469
2,gross_max_drawdown,-0.14525135205560247,-0.09278009493787942,0.05247125711772305
2,gross_total_return,0.49063446250319315,0.8518350011047279,0.3612005386015347
2,net_total_return,0.2922746945412966,1.0994370862757434,0.8071623917344468
2,gross_cagr,0.05493628962373931,0.10469179540822005,0.049755505784480736
2,net_cagr,0.03258607220035992,0.09714204385966974,0.06455597165930982
2,holding_duration_rebalances,7.450028996713706,4.970857142857143,-2.4791718538565632
2,holding_duration_sessions,37.25014498356853,104.38799999999999,67.13785501643146
2,names_changed_per_rebalance,12.868159203980099,18.42105263157895,5.55289342759885
2,long_leg_retention,0.8740322790129518,0.8344194860085324,-0.03961279300441933
2,short_leg_retention,0.863182787112848,0.7957481903516552,-0.06743459676119279
2,names_replaced_both_legs_fraction,0.13139246693710033,0.18491616181990592,0.05352369488280559
2,effective_n_long,49.526054590570716,49.78125,0.25519540942928387
2,effective_n_short,49.583126550868485,49.8125,0.22937344913151492
2,max_abs_weight,0.1,0.010869565217391304,-0.08913043478260871
2,mean_eligible_names,246.87841191066997,248.22916666666666,1.3507547559966895
2,signal_age_median_sessions,5.0,7.0,2.0
2,signal_age_p95_sessions,5.0,9.0,4.0
2,signal_age_max_sessions,1935.0,644.0,-1291.0
2,share_signals_older_than_nominal,0.021599726611184818,0.007679395719681075,-0.013920330891503744
2,net_sharpe_1bp,0.41022122546712486,0.8824959924513324,0.4722747669842075
2,cost_share_of_gross_1bp,0.14805934358274195,0.026200606125461115,-0.12185873745728083
2,net_sharpe_3bp,0.38869419583932174,0.8746792237086951,0.48598502786937336
2,cost_share_of_gross_3bp,0.1927385182687236,0.03478998632748219,-0.15794853194124142
2,net_sharpe_5bp,0.36716769530055815,0.8668627639666859,0.4996950686661278
2,cost_share_of_gross_5bp,0.23741769295470516,0.04337936652950327,-0.19403832642520188
2,cost_share_of_gross_10bp,0.34911562966965914,0.06485281703455596,-0.28426281263510317
2,net_sharpe_20bp,0.20575273184581408,0.8082499178339613,0.6024971859881472
2,cost_share_of_gross_20bp,0.5725115030995672,0.10779971804466135,-0.46471178505490585
3,rebalances,403.0,96.0,-307.0
3,scheduled_rebalances,403.0,96.0,-307.0
3,gross_sharpe,0.4921275612098619,0.7719487556617699,0.279821194451908
3,net_sharpe_10bp,0.3291510650149212,0.7066588811350387,0.3775078161201175
3,annualised_turnover,6.911540588443815,2.3642346938775507,-4.547305894566264
3,cost_share_of_gross,0.3309714898758867,0.0842990567576573,-0.2466724331182294
3,net_max_drawdown,-0.2128127601720644,-0.11354065851198647,0.09927210166007794
3,gross_max_drawdown,-0.20402640550939632,-0.10983823585409735,0.09418816965529897
3,gross_total_return,0.5210632211585099,0.6774235810981372,0.15636035993962727
3,net_total_return,0.32204781822492534,0.7730936195214426,0.4510458012965173
3,gross_cagr,0.05809653252926328,0.08186967313308458,0.023773140603821297
3,net_cagr,0.03553174488951005,0.07421560832974139,0.038683863440231336
3,holding_duration_rebalances,7.377083732515808,4.804635761589404,-2.5724479709264036
3,holding_duration_sessions,36.88541866257904,100.89735099337749,64.01193233079844
3,names_changed_per_rebalance,12.982587064676617,19.073684210526316,6.0910971458497
3,long_leg_retention,0.8707510660302462,0.8257357772652857,-0.045015288764960526
3,short_leg_retention,0.8641663048980713,0.7912599122028675,-0.07290639269520383
3,names_replaced_both_legs_fraction,0.1325413145358413,0.19150215526592348,0.058960840730082176
3,effective_n_long,49.526054590570716,49.78125,0.25519540942928387
3,effective_n_short,49.583126550868485,49.8125,0.22937344913151492
3,max_abs_weight,0.1,0.010869565217391304,-0.08913043478260871
3,mean_eligible_names,246.87841191066997,248.22916666666666,1.3507547559966895
3,signal_age_median_sessions,5.0,7.0,2.0
3,signal_age_p95_sessions,5.0,9.0,4.0
3,signal_age_max_sessions,1935.0,644.0,-1291.0
3,share_signals_older_than_nominal,0.021599726611184818,0.007679395719681075,-0.013920330891503744
3,net_sharpe_1bp,0.4231138188681637,0.745574278195189,0.3224604593270253
3,cost_share_of_gross_1bp,0.14006026780698294,0.03404249566090872,-0.10601777214607422
3,net_sharpe_3bp,0.40223351916409944,0.7369257356232661,0.3346922164591667
3,cost_share_of_gross_3bp,0.18248498382229486,0.04521062034907507,-0.1372743634732198
3,net_sharpe_5bp,0.38135291089257,0.7282775710834977,0.34692466019092766
3,cost_share_of_gross_5bp,0.22490969983760684,0.056378745037241426,-0.1685309548003654
3,cost_share_of_gross_10bp,0.3309714898758867,0.0842990567576573,-0.2466724331182294
3,net_sharpe_20bp,0.22475427256177266,0.6634294246912019,0.43867515212942926
3,cost_share_of_gross_20bp,0.5430950699524465,0.14013968019848902,-0.4029553897539575
4,rebalances,403.0,96.0,-307.0
4,scheduled_rebalances,403.0,96.0,-307.0
4,gross_sharpe,0.6144174503839931,0.6549019115636916,0.040484461179698505
4,net_sharpe_10bp,0.496367513265907,0.6105724274314556,0.11420491416554857
4,annualised_turnover,6.873792272243885,2.341479591836735,-4.53231268040715
4,cost_share_of_gross,0.1918438182998788,0.0675311635140964,-0.12431265478578239
4,net_max_drawdown,-0.11890494669480423,-0.1313444838329958,-0.01243953713819157
4,gross_max_drawdown,-0.11861379656032411,-0.12589814055350323,-0.007284343993179121
4,gross_total_return,0.8957162876190637,0.8361497832547683,-0.05956650436429545
4,net_total_return,0.8342082008647869,0.992666831483985,0.15845863061919818
4,gross_cagr,0.10222800825084155,0.09767987797651179,-0.004548130274329765
4,net_cagr,0.07881610667588679,0.09000712426016877,0.011191017584281981
4,holding_duration_rebalances,7.438042011948352,4.855629877369008,-2.582412134579344
4,holding_duration_sessions,37.19021005974176,101.96822742474917,64.77801736500741
4,names_changed_per_rebalance,12.907960199004975,18.88421052631579,5.976250327310815
4,long_leg_retention,0.8721573001656914,0.8308033768841293,-0.041353923281562066
4,short_leg_retention,0.8642587000650935,0.7899609038123256,-0.07429779625276789
4,names_replaced_both_legs_fraction,0.13179199988460769,0.18961785965177252,0.05782585976716484
4,effective_n_long,49.526054590570716,49.78125,0.25519540942928387
4,effective_n_short,49.583126550868485,49.8125,0.22937344913151492
4,max_abs_weight,0.1,0.010869565217391304,-0.08913043478260871
4,mean_eligible_names,246.87841191066997,248.22916666666666,1.3507547559966895
4,signal_age_median_sessions,5.0,7.0,2.0
4,signal_age_p95_sessions,5.0,9.0,4.0
4,signal_age_max_sessions,1935.0,644.0,-1291.0
4,share_signals_older_than_nominal,0.021599726611184818,0.007679395719681075,-0.013920330891503744
4,net_sharpe_1bp,0.5642909959067931,0.6370407009496002,0.07274970504280709
4,cost_share_of_gross_1bp,0.08139198040033538,0.027206682425071717,-0.05418529797526366
4,net_sharpe_3bp,0.549196360601801,0.6311586069012477,0.0819622462994467
4,cost_share_of_gross_3bp,0.10593683326690058,0.036167678222632754,-0.06976915504426782
4,net_sharpe_5bp,0.5341019789249176,0.6252766561153749,0.09117467719045724
4,cost_share_of_gross_5bp,0.13048168613346578,0.0451286740201938,-0.08535301211327198
4,cost_share_of_gross_10bp,0.1918438182998788,0.0675311635140964,-0.12431265478578239
4,net_sharpe_20bp,0.42090802666262284,0.5811669224293331,0.16025889576671026
4,cost_share_of_gross_20bp,0.31456808263270486,0.11233614250190158,-0.20223194013080328
5,rebalances,403.0,96.0,-307.0
5,scheduled_rebalances,403.0,96.0,-307.0
5,gross_sharpe,0.3643913026032109,0.47773526434892255,0.11334396174571165
5,net_sharpe_10bp,0.199990846952339,0.4122661392048225,0.2122752922524835
5,annualised_turnover,6.85766182204892,2.3077040816326533,-4.549957740416266
5,cost_share_of_gross,0.4509138865438632,0.1367471243584713,-0.3141667621853919
5,net_max_drawdown,-0.2009273367003761,-0.12508369968447686,0.07584363701589925
5,gross_max_drawdown,-0.1876705409269741,-0.12015555648529708,0.06751498444167703
5,gross_total_return,0.3788893095283048,0.4078767817775028,0.02898747224919801
5,net_total_return,0.15305502505669977,0.3607516599022056,0.20769663484550582
5,gross_cagr,0.039953573842979484,0.046507486270202625,0.006553912427223141
5,net_cagr,0.017970261587959557,0.039255565844310336,0.02128530425635078
5,holding_duration_rebalances,7.499420401854714,4.920203735144312,-2.5792166667104013
5,holding_duration_sessions,37.49710200927357,103.32427843803056,65.82717642875699
5,names_changed_per_rebalance,12.875621890547263,18.6,5.724378109452738
5,long_leg_retention,0.8731015584660266,0.8361107991665433,-0.036990759299483256
5,short_leg_retention,0.863959177270901,0.790359174333349,-0.07360000293755198
5,names_replaced_both_legs_fraction,0.13146963213153628,0.1867650132500539,0.05529538111851762
5,effective_n_long,49.526054590570716,49.78125,0.25519540942928387
5,effective_n_short,49.583126550868485,49.8125,0.22937344913151492
5,max_abs_weight,0.1,0.010869565217391304,-0.08913043478260871
5,mean_eligible_names,246.87841191066997,248.22916666666666,1.3507547559966895
5,signal_age_median_sessions,5.0,7.0,2.0
5,signal_age_p95_sessions,5.0,9.0,4.0
5,signal_age_max_sessions,1935.0,644.0,-1291.0
5,share_signals_older_than_nominal,0.021599726611184818,0.007679395719681075,-0.013920330891503744
5,net_sharpe_1bp,0.2949158446791395,0.45126333545756675,0.15634749077842724
5,cost_share_of_gross_1bp,0.19041208705616336,0.0552741397215627,-0.13513794733460066
5,net_sharpe_3bp,0.2738201694911049,0.4425963054166184,0.1687761359255135
5,cost_share_of_gross_3bp,0.24830137583120773,0.07337924741865351,-0.17492212841255422
5,net_sharpe_5bp,0.25272506549309715,0.4339298299486076,0.18120476445551048
5,cost_share_of_gross_5bp,0.3061906646062521,0.09148435511574432,-0.21470630949050779
5,cost_share_of_gross_10bp,0.4509138865438632,0.1367471243584713,-0.3141667621853919
5,net_sharpe_20bp,0.09454601977570865,0.3689500426572445,0.27440402288153587
5,cost_share_of_gross_20bp,0.7403603304190853,0.2272726628439253,-0.51308766757516
6,rebalances,403.0,96.0,-307.0
6,scheduled_rebalances,403.0,96.0,-307.0
6,gross_sharpe,0.49146797436849454,0.7082793306002354,0.21681135623174086
6,net_sharpe_10bp,0.32608743202897783,0.6438855980610434,0.31779816603206557
6,annualised_turnover,6.861362637362637,2.3127040816326527,-4.548658555729984
6,cost_share_of_gross,0.3363137883323622,0.09045540408636663,-0.24585838424599557
6,net_max_drawdown,-0.1875893587798172,-0.12431920734232427,0.06327015143749293
6,gross_max_drawdown,-0.15662280864377665,-0.12057507473575846,0.03604773390801819
6,gross_total_return,0.509531320419682,0.6184987483373756,0.10896742791769365
6,net_total_return,0.31370431481027494,0.6747766223926106,0.36107230758233566
6,gross_cagr,0.05711513267016488,0.07403477732705044,0.016919644656885557
6,net_cagr,0.03471216307208369,0.06658288695936698,0.03187072388728329
6,holding_duration_rebalances,7.48059470940336,4.878599661208357,-2.601995048195003
6,holding_duration_sessions,37.4029735470168,102.4505928853755,65.0476193383587
6,names_changed_per_rebalance,12.883084577114428,18.642105263157895,5.759020686043467
6,long_leg_retention,0.8724869444612208,0.8304409682856542,-0.0420459761755666
6,short_leg_retention,0.8652060043599457,0.7952497937390057,-0.06995621062093993
6,names_replaced_both_legs_fraction,0.13115352558941695,0.18715461898767005,0.0560010933982531
6,effective_n_long,49.526054590570716,49.78125,0.25519540942928387
6,effective_n_short,49.583126550868485,49.8125,0.22937344913151492
6,max_abs_weight,0.1,0.010869565217391304,-0.08913043478260871
6,mean_eligible_names,246.87841191066997,248.22916666666666,1.3507547559966895
6,signal_age_median_sessions,5.0,7.0,2.0
6,signal_age_p95_sessions,5.0,9.0,4.0
6,signal_age_max_sessions,1935.0,644.0,-1291.0
6,share_signals_older_than_nominal,0.021599726611184818,0.007679395719681075,-0.013920330891503744
6,net_sharpe_1bp,0.4213050497180661,0.6822047333264062,0.2608996836083401
6,cost_share_of_gross_1bp,0.1424991820711466,0.03661060833692676,-0.10588857373421984
6,net_sharpe_3bp,0.40014769208490747,0.6736879103948931,0.2735402183099856
6,cost_share_of_gross_3bp,0.18556909457363893,0.048576118503468955,-0.13699297607016997
6,net_sharpe_5bp,0.3789889936339963,0.665171912638395,0.28618291900439874
6,cost_share_of_gross_5bp,0.22863900707613127,0.06054162867001114,-0.16809737840612013
6,cost_share_of_gross_10bp,0.3363137883323622,0.09045540408636663,-0.24585838424599557
6,net_sharpe_20bp,0.22027217886932757,0.6013293026190621,0.38105712374973455
6,cost_share_of_gross_20bp,0.551663350844824,0.1502829549190776,-0.40138039592574637
7,rebalances,403.0,96.0,-307.0
7,scheduled_rebalances,403.0,96.0,-307.0
7,gross_sharpe,0.5856350724926789,0.7721399838226586,0.1865049113299797
7,net_sharpe_10bp,0.438708897573806,0.7122694629203267,0.2735605653465207
7,annualised_turnover,6.878871322226161,2.3428316326530614,-4.5360396895731
7,cost_share_of_gross,0.2505341088588398,0.07724002329268478,-0.17329408556615503
7,net_max_drawdown,-0.12889989850129113,-0.08681404187171571,0.042085856629575424
7,gross_max_drawdown,-0.1286129567408727,-0.07933084844217131,0.04928210829870139
7,gross_total_return,0.6854476181081564,0.7321028305154983,0.04665521240734194
7,net_total_return,0.5399741507901512,0.8604638992312537,0.32048974844110245
7,gross_cagr,0.0783803362103015,0.08831553699538408,0.009935200785082587
7,net_cagr,0.055481951154584985,0.080693790072625,0.02521183891804002
7,holding_duration_rebalances,7.4026574234546505,4.828969359331476,-2.573688064123174
7,holding_duration_sessions,37.01328711727325,101.408356545961,64.39506942868775
7,names_changed_per_rebalance,12.917910447761194,18.894736842105264,5.976826394344069
7,long_leg_retention,0.8721034875958874,0.824430982140166,-0.04767250545572144
7,short_leg_retention,0.8641124923282674,0.7961365681283955,-0.06797592419987186
7,names_replaced_both_legs_fraction,0.13189201003792272,0.1897162248657192,0.05782421482779648
7,effective_n_long,49.526054590570716,49.78125,0.25519540942928387
7,effective_n_short,49.583126550868485,49.8125,0.22937344913151492
7,max_abs_weight,0.1,0.010869565217391304,-0.08913043478260871
7,mean_eligible_names,246.87841191066997,248.22916666666666,1.3507547559966895
7,signal_age_median_sessions,5.0,7.0,2.0
7,signal_age_p95_sessions,5.0,9.0,4.0
7,signal_age_max_sessions,1935.0,644.0,-1291.0
7,share_signals_older_than_nominal,0.021599726611184818,0.007679395719681075,-0.013920330891503744
7,net_sharpe_1bp,0.5233418107685968,0.7479676621304301,0.22462585136183333
7,cost_share_of_gross_1bp,0.10609329437595133,0.031158005707192196,-0.07493528866875913
7,net_sharpe_3bp,0.5045339354648887,0.7400341446739886,0.23550020920909998
7,cost_share_of_gross_3bp,0.13819125314992653,0.04139845405952387,-0.09679279909040266
7,net_sharpe_5bp,0.48572628754617186,0.732100953892993,0.24637466634682115
7,cost_share_of_gross_5bp,0.17028921192390176,0.051638902411855564,-0.11865030951204619
7,cost_share_of_gross_10bp,0.2505341088588398,0.07724002329268478,-0.17329408556615503
7,net_sharpe_20bp,0.34468747699466523,0.6726133086692994,0.3279258316746341
7,cost_share_of_gross_20bp,0.41102390272871575,0.1284422650543432,-0.28258163767437255
8,rebalances,403.0,96.0,-307.0
8,scheduled_rebalances,403.0,96.0,-307.0
8,gross_sharpe,0.4903733175843129,0.6569400711112902,0.16656675352697725
8,net_sharpe_10bp,0.3229951948440353,0.5945038812636393,0.27150868641960396
8,annualised_turnover,6.887727756114852,2.3326020408163264,-4.5551257152985265
8,cost_share_of_gross,0.3409990145432264,0.09479834711616576,-0.24620066742706065
8,net_max_drawdown,-0.1753335661906108,-0.13663593655684458,0.03869762963376622
8,gross_max_drawdown,-0.16391120183102015,-0.13247277808296343,0.03143842374805672
8,gross_total_return,0.5035215008706827,0.5935059225292258,0.08998442165854315
8,net_total_return,0.3072775479514851,0.6277164939558584,0.3204389460043733
8,gross_cagr,0.05651484044349897,0.0702570124144497,0.013742171970950734
8,net_cagr,0.03407775125017021,0.06278972136889949,0.02871197011872928
8,holding_duration_rebalances,7.383269230769231,4.888640179071069,-2.494629051698162
8,holding_duration_sessions,36.916346153846156,102.66144376049245,65.74509760664628
8,names_changed_per_rebalance,12.935323383084578,18.810526315789474,5.875202932704896
8,long_leg_retention,0.8725969387076754,0.833808268523827,-0.03878867018384846
8,short_leg_retention,0.8632646905209773,0.7885550288765388,-0.07470966164443849
8,names_replaced_both_legs_fraction,0.13206918538567378,0.1888183512998169,0.05674916591414311
8,effective_n_long,49.526054590570716,49.78125,0.25519540942928387
8,effective_n_short,49.583126550868485,49.8125,0.22937344913151492
8,max_abs_weight,0.1,0.010869565217391304,-0.08913043478260871
8,mean_eligible_names,246.87841191066997,248.22916666666666,1.3507547559966895
8,signal_age_median_sessions,5.0,7.0,2.0
8,signal_age_p95_sessions,5.0,9.0,4.0
8,signal_age_max_sessions,1935.0,644.0,-1291.0
8,share_signals_older_than_nominal,0.021599726611184818,0.007679395719681075,-0.013920330891503744
8,net_sharpe_1bp,0.41956584623077503,0.6317780180644131,0.2122121718336381
8,cost_share_of_gross_1bp,0.1441174882107228,0.03820334424810075,-0.10591414396262204
8,net_sharpe_3bp,0.39810459268469334,0.6234942128788088,0.22538962019411546
8,cost_share_of_gross_3bp,0.1878689385068347,0.050780011552115194,-0.1370889269547195
8,net_sharpe_5bp,0.37664383321083533,0.6152107793042756,0.23856694609344026
8,cost_share_of_gross_5bp,0.2316203888029466,0.06335667885612965,-0.16826370994681694
8,cost_share_of_gross_10bp,0.3409990145432264,0.09479834711616576,-0.24620066742706065
8,net_sharpe_20bp,0.21572077760970124,0.553097796527848,0.33737701891814675
8,cost_share_of_gross_20bp,0.5597562660237859,0.15768168363623797,-0.40207458238754795
9,rebalances,403.0,96.0,-307.0
9,scheduled_rebalances,403.0,96.0,-307.0
9,gross_sharpe,0.4836768925614232,0.4704964495454175,-0.013180443016005683
9,net_sharpe_10bp,0.3135668857306286,0.40669768593557387,0.0931308002049453
9,annualised_turnover,6.856411201701524,2.325204081632653,-4.5312071200688715
9,cost_share_of_gross,0.3513926186339709,0.13534335079663437,-0.21604926783733655
9,net_max_drawdown,-0.1854917978507855,-0.15027046351929396,0.03522133433149155
9,gross_max_drawdown,-0.16815597235515978,-0.14664355266193374,0.021512419693226037
9,gross_total_return,0.4885439104319121,0.4153347375994822,-0.07320917283242989
9,net_total_return,0.29055300804756845,0.36615191240883016,0.07559890436126171
9,gross_cagr,0.05481092597455106,0.04708266430156205,-0.007728261672989012
9,net_cagr,0.03241392330299586,0.03977021911113199,0.007356295808136126
9,holding_duration_rebalances,7.483091787439614,4.87871982032566,-2.604371967113954
9,holding_duration_sessions,37.41545893719807,102.45311622683886,65.03765728964079
9,names_changed_per_rebalance,12.873134328358208,18.74736842105263,5.874234092694422
9,long_leg_retention,0.8727005025212606,0.8305986373029177,-0.042101865218342915
9,short_leg_retention,0.8644099844594482,0.7929795684864336,-0.07143041597301458
9,names_replaced_both_legs_fraction,0.13144475650964577,0.1882108971053244,0.05676614059567864
9,effective_n_long,49.526054590570716,49.78125,0.25519540942928387
9,effective_n_short,49.583126550868485,49.8125,0.22937344913151492
9,max_abs_weight,0.1,0.010869565217391304,-0.08913043478260871
9,mean_eligible_names,246.87841191066997,248.22916666666666,1.3507547559966895
9,signal_age_median_sessions,5.0,7.0,2.0
9,signal_age_p95_sessions,5.0,9.0,4.0
9,signal_age_max_sessions,1935.0,644.0,-1291.0
9,share_signals_older_than_nominal,0.021599726611184818,0.007679395719681075,-0.013920330891503744
9,net_sharpe_1bp,0.4112783959862574,0.4446877615087537,0.03340936552249635
9,cost_share_of_gross_1bp,0.1493977828953953,0.05472659581718777,-0.09467118707820751
9,net_sharpe_3bp,0.3895641408267562,0.4362447678547184,0.04668062702796216
9,cost_share_of_gross_3bp,0.19428552417063433,0.07264143025706479,-0.12164409391356953
9,net_sharpe_5bp,0.36785007814009524,0.4278021971642932,0.05995211902419795
9,cost_share_of_gross_5bp,0.2391732654458734,0.09055626469694184,-0.14861700074893155
9,cost_share_of_gross_10bp,0.3513926186339709,0.13534335079663437,-0.21604926783733655
9,net_sharpe_20bp,0.205017997927226,0.3644973987278809,0.1594794008006549
9,cost_share_of_gross_20bp,0.5758313250101663,0.2249175229960195,-0.3509138020141468
