comparison,seed,metric,base,rich,difference
data_value_boosted,0,mean_rank_ic,0.030335558551431274,0.031724789908119014,0.0013892313566877396
data_value_boosted,0,b1_net_sharpe_10bp,0.7311257201483244,0.5782037817460336,-0.15292193840229085
data_value_boosted,0,b1_gross_sharpe,0.7843288908283712,0.6395973577527791,-0.14473153307559206
data_value_boosted,0,b1_annualised_turnover,2.3541836734693877,2.2915561224489798,-0.06262755102040796
data_value_boosted,0,b1_net_max_drawdown,-0.09415209656559986,-0.19594229940351637,-0.10179020283791651
data_value_boosted,0,b1_cost_share_of_gross,0.0678450570535748,0.09610314384011655,0.02825808678654175
data_value_boosted,0,positive_fold_count,6.0,7.0,1.0
data_value_boosted,1,mean_rank_ic,0.030773994582086964,0.03254103488140071,0.0017670402993137484
data_value_boosted,1,b1_net_sharpe_10bp,0.7431124225077724,0.4896306043970615,-0.2534818181107109
data_value_boosted,1,b1_gross_sharpe,0.7901030948367112,0.5513121563117435,-0.2387909385249677
data_value_boosted,1,b1_annualised_turnover,2.356454081632653,2.2590306122448975,-0.09742346938775537
data_value_boosted,1,b1_net_max_drawdown,-0.10955336950237438,-0.15705208183108565,-0.04749871232871128
data_value_boosted,1,b1_cost_share_of_gross,0.0593075434491787,0.11208331517568988,0.052775771726511184
data_value_boosted,1,positive_fold_count,6.0,7.0,1.0
data_value_boosted,2,mean_rank_ic,0.033624904463559716,0.03324570090681719,-0.00037920355674252865
data_value_boosted,2,b1_net_sharpe_10bp,0.8473230154377758,0.5498217127874832,-0.2975013026502926
data_value_boosted,2,b1_gross_sharpe,0.9063816734435214,0.6094936738196002,-0.2968879996239212
data_value_boosted,2,b1_annualised_turnover,2.2864795918367347,2.2764030612244897,-0.010076530612245005
data_value_boosted,2,b1_net_max_drawdown,-0.09998438210135818,-0.23483608076522622,-0.13485169866386804
data_value_boosted,2,b1_cost_share_of_gross,0.06485281703455596,0.09803320251378636,0.0331803854792304
data_value_boosted,2,positive_fold_count,6.0,7.0,1.0
data_value_boosted,3,mean_rank_ic,0.03199038204091364,0.03383635244800336,0.0018459704070897184
data_value_boosted,3,b1_net_sharpe_10bp,0.7066588811350387,0.42618726363769965,-0.28047161749733907
data_value_boosted,3,b1_gross_sharpe,0.7719487556617699,0.4990549472174304,-0.2728938084443395
data_value_boosted,3,b1_annualised_turnover,2.3642346938775507,2.2915051020408166,-0.07272959183673411
data_value_boosted,3,b1_net_max_drawdown,-0.11354065851198647,-0.17422480065885482,-0.06068414214686835
data_value_boosted,3,b1_cost_share_of_gross,0.0842990567576573,0.14626832655398478,0.061969269796327484
data_value_boosted,3,positive_fold_count,6.0,7.0,1.0
data_value_boosted,4,mean_rank_ic,0.03196558936101564,0.029904491284393243,-0.0020610980766223932
data_value_boosted,4,b1_net_sharpe_10bp,0.6105724274314556,0.5366106317865701,-0.07396179564488548
data_value_boosted,4,b1_gross_sharpe,0.6549019115636916,0.5972766171856929,-0.05762529437799868
data_value_boosted,4,b1_annualised_turnover,2.341479591836735,2.277780612244898,-0.06369897959183701
data_value_boosted,4,b1_net_max_drawdown,-0.1313444838329958,-0.17134276091395395,-0.039998277080958156
data_value_boosted,4,b1_cost_share_of_gross,0.0675311635140964,0.10165849712030516,0.03412733360620876
data_value_boosted,4,positive_fold_count,7.0,7.0,0.0
data_value_boosted,5,mean_rank_ic,0.031098949836586835,0.03265008920621212,0.0015511393696252818
data_value_boosted,5,b1_net_sharpe_10bp,0.4122661392048225,0.413684871568653,0.0014187323638304994
data_value_boosted,5,b1_gross_sharpe,0.47773526434892255,0.45910446331037247,-0.018630801038550082
data_value_boosted,5,b1_annualised_turnover,2.3077040816326533,2.2841071428571427,-0.023596938775510612
data_value_boosted,5,b1_net_max_drawdown,-0.12508369968447686,-0.19551269807457816,-0.0704289983901013
data_value_boosted,5,b1_cost_share_of_gross,0.1367471243584713,0.09893261179863026,-0.03781451255984104
data_value_boosted,5,positive_fold_count,6.0,7.0,1.0
data_value_boosted,6,mean_rank_ic,0.0348231745454743,0.030344441395495674,-0.004478733149978629
data_value_boosted,6,b1_net_sharpe_10bp,0.6438855980610434,0.4971561278497318,-0.1467294702113116
data_value_boosted,6,b1_gross_sharpe,0.7082793306002354,0.567199562541019,-0.1410797680592164
data_value_boosted,6,b1_annualised_turnover,2.3127040816326527,2.316632653061225,0.0039285714285721696
data_value_boosted,6,b1_net_max_drawdown,-0.12431920734232427,-0.1711677462578679,-0.046848538915543636
data_value_boosted,6,b1_cost_share_of_gross,0.09045540408636663,0.12355716388105094,0.03310175979468431
data_value_boosted,6,positive_fold_count,6.0,6.0,0.0
data_value_boosted,7,mean_rank_ic,0.031027854755376963,0.02824604701742122,-0.0027818077379557424
data_value_boosted,7,b1_net_sharpe_10bp,0.7122694629203267,0.4091043464005539,-0.3031651165197728
data_value_boosted,7,b1_gross_sharpe,0.7721399838226586,0.4711319214257463,-0.3010080623969123
data_value_boosted,7,b1_annualised_turnover,2.3428316326530614,2.2927551020408163,-0.05007653061224504
data_value_boosted,7,b1_net_max_drawdown,-0.08681404187171571,-0.18916250307921978,-0.10234846120750407
data_value_boosted,7,b1_cost_share_of_gross,0.07724002329268478,0.13169767557502146,0.05445765228233668
data_value_boosted,7,positive_fold_count,6.0,6.0,0.0
data_value_boosted,8,mean_rank_ic,0.032003833127675615,0.030865822384904654,-0.0011380107427709611
data_value_boosted,8,b1_net_sharpe_10bp,0.5945038812636393,0.4773020784340943,-0.11720180282954501
data_value_boosted,8,b1_gross_sharpe,0.6569400711112902,0.5419994984069084,-0.11494057270438174
data_value_boosted,8,b1_annualised_turnover,2.3326020408163264,2.2767857142857144,-0.05581632653061197
data_value_boosted,8,b1_net_max_drawdown,-0.13663593655684458,-0.19079841157583,-0.05416247501898541
data_value_boosted,8,b1_cost_share_of_gross,0.09479834711616576,0.11961737824125818,0.024819031125092414
data_value_boosted,8,positive_fold_count,6.0,6.0,0.0
data_value_boosted,9,mean_rank_ic,0.034525153325974015,0.033291538149151804,-0.00123361517682221
data_value_boosted,9,b1_net_sharpe_10bp,0.40669768593557387,0.5533040410681603,0.14660635513258646
data_value_boosted,9,b1_gross_sharpe,0.4704964495454175,0.6130666643896729,0.14257021484425542
data_value_boosted,9,b1_annualised_turnover,2.325204081632653,2.2991326530612244,-0.026071428571428523
data_value_boosted,9,b1_net_max_drawdown,-0.15027046351929396,-0.1705193695695535,-0.02024890605025953
data_value_boosted,9,b1_cost_share_of_gross,0.13534335079663437,0.09749810603128535,-0.03784524476534902
data_value_boosted,9,positive_fold_count,6.0,7.0,1.0
data_value_linear,0,mean_rank_ic,0.005329437332440931,0.01488409905175374,0.00955466171931281
data_value_linear,0,b1_net_sharpe_10bp,0.034861585882667405,-0.3427234667281637,-0.3775850526108311
data_value_linear,0,b1_gross_sharpe,0.08159770854406845,-0.2558497573479378,-0.33744746589200625
data_value_linear,0,b1_annualised_turnover,2.216326530612245,2.291530612244898,0.07520408163265335
data_value_linear,0,b1_net_max_drawdown,-0.31613642973254186,-0.3164351957972942,-0.0002987660647523205
data_value_linear,0,positive_fold_count,6.0,7.0,1.0
model_value_baseline,0,mean_rank_ic,0.005329437332440931,0.030335558551431274,0.025006121218990342
model_value_baseline,0,b1_net_sharpe_10bp,0.034861585882667405,0.7311257201483244,0.696264134265657
model_value_baseline,0,b1_gross_sharpe,0.08159770854406845,0.7843288908283712,0.7027311822843028
model_value_baseline,0,b1_annualised_turnover,2.216326530612245,2.3541836734693877,0.1378571428571429
model_value_baseline,0,b1_net_max_drawdown,-0.31613642973254186,-0.09415209656559986,0.221984333166942
model_value_baseline,0,b1_cost_share_of_gross,0.5726763204073363,0.0678450570535748,-0.5048312633537615
model_value_baseline,0,positive_fold_count,6.0,6.0,0.0
model_value_baseline,1,mean_rank_ic,0.005329437332440931,0.030773994582086964,0.025444557249646033
model_value_baseline,1,b1_net_sharpe_10bp,0.034861585882667405,0.7431124225077724,0.708250836625105
model_value_baseline,1,b1_gross_sharpe,0.08159770854406845,0.7901030948367112,0.7085053862926427
model_value_baseline,1,b1_annualised_turnover,2.216326530612245,2.356454081632653,0.14012755102040808
model_value_baseline,1,b1_net_max_drawdown,-0.31613642973254186,-0.10955336950237438,0.20658306023016748
model_value_baseline,1,b1_cost_share_of_gross,0.5726763204073363,0.0593075434491787,-0.5133687769581576
model_value_baseline,1,positive_fold_count,6.0,6.0,0.0
model_value_baseline,2,mean_rank_ic,0.005329437332440931,0.033624904463559716,0.028295467131118784
model_value_baseline,2,b1_net_sharpe_10bp,0.034861585882667405,0.8473230154377758,0.8124614295551084
model_value_baseline,2,b1_gross_sharpe,0.08159770854406845,0.9063816734435214,0.8247839648994529
model_value_baseline,2,b1_annualised_turnover,2.216326530612245,2.2864795918367347,0.07015306122448983
model_value_baseline,2,b1_net_max_drawdown,-0.31613642973254186,-0.09998438210135818,0.21615204763118367
model_value_baseline,2,b1_cost_share_of_gross,0.5726763204073363,0.06485281703455596,-0.5078235033727804
model_value_baseline,2,positive_fold_count,6.0,6.0,0.0
model_value_baseline,3,mean_rank_ic,0.005329437332440931,0.03199038204091364,0.026660944708472707
model_value_baseline,3,b1_net_sharpe_10bp,0.034861585882667405,0.7066588811350387,0.6717972952523713
model_value_baseline,3,b1_gross_sharpe,0.08159770854406845,0.7719487556617699,0.6903510471177015
model_value_baseline,3,b1_annualised_turnover,2.216326530612245,2.3642346938775507,0.14790816326530587
model_value_baseline,3,b1_net_max_drawdown,-0.31613642973254186,-0.11354065851198647,0.2025957712205554
model_value_baseline,3,b1_cost_share_of_gross,0.5726763204073363,0.0842990567576573,-0.488377263649679
model_value_baseline,3,positive_fold_count,6.0,6.0,0.0
model_value_baseline,4,mean_rank_ic,0.005329437332440931,0.03196558936101564,0.026636152028574705
model_value_baseline,4,b1_net_sharpe_10bp,0.034861585882667405,0.6105724274314556,0.5757108415487882
model_value_baseline,4,b1_gross_sharpe,0.08159770854406845,0.6549019115636916,0.5733042030196231
model_value_baseline,4,b1_annualised_turnover,2.216326530612245,2.341479591836735,0.12515306122449
model_value_baseline,4,b1_net_max_drawdown,-0.31613642973254186,-0.1313444838329958,0.18479194589954606
model_value_baseline,4,b1_cost_share_of_gross,0.5726763204073363,0.0675311635140964,-0.5051451568932399
model_value_baseline,4,positive_fold_count,6.0,7.0,1.0
model_value_baseline,5,mean_rank_ic,0.005329437332440931,0.031098949836586835,0.025769512504145903
model_value_baseline,5,b1_net_sharpe_10bp,0.034861585882667405,0.4122661392048225,0.3774045533221551
model_value_baseline,5,b1_gross_sharpe,0.08159770854406845,0.47773526434892255,0.3961375558048541
model_value_baseline,5,b1_annualised_turnover,2.216326530612245,2.3077040816326533,0.09137755102040845
model_value_baseline,5,b1_net_max_drawdown,-0.31613642973254186,-0.12508369968447686,0.191052730048065
model_value_baseline,5,b1_cost_share_of_gross,0.5726763204073363,0.1367471243584713,-0.435929196048865
model_value_baseline,5,positive_fold_count,6.0,6.0,0.0
model_value_baseline,6,mean_rank_ic,0.005329437332440931,0.0348231745454743,0.02949373721303337
model_value_baseline,6,b1_net_sharpe_10bp,0.034861585882667405,0.6438855980610434,0.609024012178376
model_value_baseline,6,b1_gross_sharpe,0.08159770854406845,0.7082793306002354,0.626681622056167
model_value_baseline,6,b1_annualised_turnover,2.216326530612245,2.3127040816326527,0.0963775510204079
model_value_baseline,6,b1_net_max_drawdown,-0.31613642973254186,-0.12431920734232427,0.1918172223902176
model_value_baseline,6,b1_cost_share_of_gross,0.5726763204073363,0.09045540408636663,-0.48222091632096964
model_value_baseline,6,positive_fold_count,6.0,6.0,0.0
model_value_baseline,7,mean_rank_ic,0.005329437332440931,0.031027854755376963,0.02569841742293603
model_value_baseline,7,b1_net_sharpe_10bp,0.034861585882667405,0.7122694629203267,0.6774078770376593
model_value_baseline,7,b1_gross_sharpe,0.08159770854406845,0.7721399838226586,0.6905422752785901
model_value_baseline,7,b1_annualised_turnover,2.216326530612245,2.3428316326530614,0.12650510204081655
model_value_baseline,7,b1_net_max_drawdown,-0.31613642973254186,-0.08681404187171571,0.22932238786082615
model_value_baseline,7,b1_cost_share_of_gross,0.5726763204073363,0.07724002329268478,-0.49543629711465154
model_value_baseline,7,positive_fold_count,6.0,6.0,0.0
model_value_baseline,8,mean_rank_ic,0.005329437332440931,0.032003833127675615,0.026674395795234684
model_value_baseline,8,b1_net_sharpe_10bp,0.034861585882667405,0.5945038812636393,0.5596422953809719
model_value_baseline,8,b1_gross_sharpe,0.08159770854406845,0.6569400711112902,0.5753423625672217
model_value_baseline,8,b1_annualised_turnover,2.216326530612245,2.3326020408163264,0.11627551020408156
model_value_baseline,8,b1_net_max_drawdown,-0.31613642973254186,-0.13663593655684458,0.17950049317569727
model_value_baseline,8,b1_cost_share_of_gross,0.5726763204073363,0.09479834711616576,-0.47787797329117054
model_value_baseline,8,positive_fold_count,6.0,6.0,0.0
model_value_baseline,9,mean_rank_ic,0.005329437332440931,0.034525153325974015,0.029195715993533083
model_value_baseline,9,b1_net_sharpe_10bp,0.034861585882667405,0.40669768593557387,0.37183610005290646
model_value_baseline,9,b1_gross_sharpe,0.08159770854406845,0.4704964495454175,0.3888987410013491
model_value_baseline,9,b1_annualised_turnover,2.216326530612245,2.325204081632653,0.10887755102040808
model_value_baseline,9,b1_net_max_drawdown,-0.31613642973254186,-0.15027046351929396,0.1658659662132479
model_value_baseline,9,b1_cost_share_of_gross,0.5726763204073363,0.13534335079663437,-0.4373329696107019
model_value_baseline,9,positive_fold_count,6.0,6.0,0.0
model_value_rich,0,mean_rank_ic,0.01488409905175374,0.031724789908119014,0.016840690856365276
model_value_rich,0,b1_net_sharpe_10bp,-0.3427234667281637,0.5782037817460336,0.9209272484741973
model_value_rich,0,b1_gross_sharpe,-0.2558497573479378,0.6395973577527791,0.895447115100717
model_value_rich,0,b1_annualised_turnover,2.291530612244898,2.2915561224489798,2.5510204081591326e-05
model_value_rich,0,b1_net_max_drawdown,-0.3164351957972942,-0.19594229940351637,0.1204928963937778
model_value_rich,0,positive_fold_count,7.0,7.0,0.0
model_value_rich,1,mean_rank_ic,0.01488409905175374,0.03254103488140071,0.017656935829646975
model_value_rich,1,b1_net_sharpe_10bp,-0.3427234667281637,0.4896306043970615,0.8323540711252252
model_value_rich,1,b1_gross_sharpe,-0.2558497573479378,0.5513121563117435,0.8071619136596813
model_value_rich,1,b1_annualised_turnover,2.291530612244898,2.2590306122448975,-0.03250000000000064
model_value_rich,1,b1_net_max_drawdown,-0.3164351957972942,-0.15705208183108565,0.15938311396620852
model_value_rich,1,positive_fold_count,7.0,7.0,0.0
model_value_rich,2,mean_rank_ic,0.01488409905175374,0.03324570090681719,0.01836160185506345
model_value_rich,2,b1_net_sharpe_10bp,-0.3427234667281637,0.5498217127874832,0.8925451795156468
model_value_rich,2,b1_gross_sharpe,-0.2558497573479378,0.6094936738196002,0.865343431167538
model_value_rich,2,b1_annualised_turnover,2.291530612244898,2.2764030612244897,-0.015127551020408525
model_value_rich,2,b1_net_max_drawdown,-0.3164351957972942,-0.23483608076522622,0.08159911503206796
model_value_rich,2,positive_fold_count,7.0,7.0,0.0
model_value_rich,3,mean_rank_ic,0.01488409905175374,0.03383635244800336,0.01895225339624962
model_value_rich,3,b1_net_sharpe_10bp,-0.3427234667281637,0.42618726363769965,0.7689107303658633
model_value_rich,3,b1_gross_sharpe,-0.2558497573479378,0.4990549472174304,0.7549047045653682
model_value_rich,3,b1_annualised_turnover,2.291530612244898,2.2915051020408166,-2.5510204081591326e-05
model_value_rich,3,b1_net_max_drawdown,-0.3164351957972942,-0.17422480065885482,0.14221039513843936
model_value_rich,3,positive_fold_count,7.0,7.0,0.0
model_value_rich,4,mean_rank_ic,0.01488409905175374,0.029904491284393243,0.015020392232639504
model_value_rich,4,b1_net_sharpe_10bp,-0.3427234667281637,0.5366106317865701,0.8793340985147338
model_value_rich,4,b1_gross_sharpe,-0.2558497573479378,0.5972766171856929,0.8531263745336307
model_value_rich,4,b1_annualised_turnover,2.291530612244898,2.277780612244898,-0.013750000000000373
model_value_rich,4,b1_net_max_drawdown,-0.3164351957972942,-0.17134276091395395,0.14509243488334023
model_value_rich,4,positive_fold_count,7.0,7.0,0.0
model_value_rich,5,mean_rank_ic,0.01488409905175374,0.03265008920621212,0.01776599015445838
model_value_rich,5,b1_net_sharpe_10bp,-0.3427234667281637,0.413684871568653,0.7564083382968168
model_value_rich,5,b1_gross_sharpe,-0.2558497573479378,0.45910446331037247,0.7149542206583103
model_value_rich,5,b1_annualised_turnover,2.291530612244898,2.2841071428571427,-0.00742346938775551
model_value_rich,5,b1_net_max_drawdown,-0.3164351957972942,-0.19551269807457816,0.12092249772271602
model_value_rich,5,positive_fold_count,7.0,7.0,0.0
model_value_rich,6,mean_rank_ic,0.01488409905175374,0.030344441395495674,0.015460342343741934
model_value_rich,6,b1_net_sharpe_10bp,-0.3427234667281637,0.4971561278497318,0.8398795945778954
model_value_rich,6,b1_gross_sharpe,-0.2558497573479378,0.567199562541019,0.8230493198889568
model_value_rich,6,b1_annualised_turnover,2.291530612244898,2.316632653061225,0.02510204081632672
model_value_rich,6,b1_net_max_drawdown,-0.3164351957972942,-0.1711677462578679,0.14526744953942627
model_value_rich,6,positive_fold_count,7.0,6.0,-1.0
model_value_rich,7,mean_rank_ic,0.01488409905175374,0.02824604701742122,0.01336194796566748
model_value_rich,7,b1_net_sharpe_10bp,-0.3427234667281637,0.4091043464005539,0.7518278131287175
model_value_rich,7,b1_gross_sharpe,-0.2558497573479378,0.4711319214257463,0.726981678773684
model_value_rich,7,b1_annualised_turnover,2.291530612244898,2.2927551020408163,0.00122448979591816
model_value_rich,7,b1_net_max_drawdown,-0.3164351957972942,-0.18916250307921978,0.1272726927180744
model_value_rich,7,positive_fold_count,7.0,6.0,-1.0
model_value_rich,8,mean_rank_ic,0.01488409905175374,0.030865822384904654,0.015981723333150913
model_value_rich,8,b1_net_sharpe_10bp,-0.3427234667281637,0.4773020784340943,0.820025545162258
model_value_rich,8,b1_gross_sharpe,-0.2558497573479378,0.5419994984069084,0.7978492557548462
model_value_rich,8,b1_annualised_turnover,2.291530612244898,2.2767857142857144,-0.014744897959183767
model_value_rich,8,b1_net_max_drawdown,-0.3164351957972942,-0.19079841157583,0.12563678422146418
model_value_rich,8,positive_fold_count,7.0,6.0,-1.0
model_value_rich,9,mean_rank_ic,0.01488409905175374,0.033291538149151804,0.018407439097398066
model_value_rich,9,b1_net_sharpe_10bp,-0.3427234667281637,0.5533040410681603,0.896027507796324
model_value_rich,9,b1_gross_sharpe,-0.2558497573479378,0.6130666643896729,0.8689164217376107
model_value_rich,9,b1_annualised_turnover,2.291530612244898,2.2991326530612244,0.007602040816326205
model_value_rich,9,b1_net_max_drawdown,-0.3164351957972942,-0.1705193695695535,0.14591582622774069
model_value_rich,9,positive_fold_count,7.0,7.0,0.0
interaction_rank_ic,0,,,,-0.00816543036262507
interaction_rank_ic,1,,,,-0.007787621419999061
interaction_rank_ic,2,,,,-0.009933865276055338
interaction_rank_ic,3,,,,-0.007708691312223091
interaction_rank_ic,4,,,,-0.011615759795935203
interaction_rank_ic,5,,,,-0.008003522349687528
interaction_rank_ic,6,,,,-0.014033394869291439
interaction_rank_ic,7,,,,-0.012336469457268552
interaction_rank_ic,8,,,,-0.01069267246208377
interaction_rank_ic,9,,,,-0.01078827689613502
